{
  "AcceptGifts": true,
  "AutoSteamSaleEvent": true,
  "Enabled": true,
  "GamesPlayedWhileIdle": [
    730
  ],
  "LootableTypes": [
    0,
    1,
    2,
    3,
    5,
    6,
    7,
    8,
    9,
    10,
    11,
    12,
    13,
    14
  ],
  "OnlineStatus": 0,
  "RemoteCommunication": 0,
  "SteamLogin": "tryh4rd33r",
  "SteamPassword": "2nd3rt4ck3R010",
  "SteamTradeToken": "Lr5HukPf",
  "SteamUserPermissions": {
    "76561199120888848": 3
  },
  "CardDropsRestricted": true,
  "HandleOfflineMessages": false,
  "SteamParentalPIN": "0"
}