{
  "AcceptGifts": true,
  "AutoSteamSaleEvent": true,
  "Enabled": true,
  "GamesPlayedWhileIdle": [
    730
  ],
  "LootableTypes": [
    1,
    2,
    3,
    4,
    5,
    6
  ],
  "OnlineStatus": 0,
  "RemoteCommunication": 0,
  "SteamLogin": "ygeenx",
  "SteamPassword": "goldnovax10",
  "SteamTradeToken": "Lr5HukPf",
  "SteamUserPermissions": {
    "76561199120888848": 3
  },
  "TradingPreferences": 1,
  "CardDropsRestricted": true,
  "HandleOfflineMessages": true,
  "SteamParentalPIN": "0"
}